{"noiseKey":{"private":{"type":"Buffer","data":"KBgB69TM/bpOy3B1vOm8E58twjqToMHRBxwnFF+/hXI="},"public":{"type":"Buffer","data":"Wk3giQUTsiR0r8h/R9IqFUnd1TfFK59ct3CKGoi9LQk="}},"signedIdentityKey":{"private":{"type":"Buffer","data":"kCYSGqoXtwAzzmLEzyXegsI/rOC+6mrR2kmnZGH54Gs="},"public":{"type":"Buffer","data":"uznxMfjGAZYqVud/lZt6qTvaXTChjdmgRY/n8enzuA4="}},"signedPreKey":{"keyPair":{"private":{"type":"Buffer","data":"gFyoRJXrncVzolDqNQPXcGZvgPeZkaJNAL23BPklEnU="},"public":{"type":"Buffer","data":"kc41l7BF4/3vXYhNDXEI/gVhACoR0cNlqZs8xQEi0HM="}},"signature":{"type":"Buffer","data":"fqIsFCRSawrThB7NavF4i3eP2DPnvMlTQ7TRJ8S72vbyFLrxTlBvuDi2Zb7y+2DbmVUOi3e/EwUMYFZfu0lxiw=="},"keyId":1},"registrationId":35,"advSecretKey":"yjnTU4GfOzyt6pZP2MHFXm2wXWC3oj0HKhPJcA0Kr0I=","processedHistoryMessages":[{"key":{"remoteJid":"6283122390511@s.whatsapp.net","fromMe":true,"id":"2980A7050CD165C89F14D8F33E02F651"},"messageTimestamp":1689401174},{"key":{"remoteJid":"6283122390511@s.whatsapp.net","fromMe":true,"id":"E0EF1585C96D405B5E59BB1BF358AFDC"},"messageTimestamp":1689401177},{"key":{"remoteJid":"6283122390511@s.whatsapp.net","fromMe":true,"id":"C1E015F54BC6F48D96013BE208AD7A45"},"messageTimestamp":1689401177},{"key":{"remoteJid":"6283122390511@s.whatsapp.net","fromMe":true,"id":"9CA087DE205F444F539658849C2570B7"},"messageTimestamp":1689401181}],"nextPreKeyId":31,"firstUnuploadedPreKeyId":31,"accountSyncCounter":1,"accountSettings":{"unarchiveChats":false},"account":{"details":"CICR9WsQ0e7IpQYYAQ==","accountSignatureKey":"0VsKXGdXymK9rB7ptuNKLZXI3AC0NVtacjcu/MeMAiI=","accountSignature":"AiCBYBNcbxJ4R618No2tCc8pU51CknWNA4+AHNO7pldVmsdY5BD0UpeeuRdB01je14T1O66IaP3o4EQdBL1JBw==","deviceSignature":"fyizYmoVKTL9JdPQS76nnxRkbbS3b9/dQL1N1yggv11UWl3vlGPAYsjyOOgq9i4SqNRc+TxEEnyksNyWcbwFhA=="},"me":{"id":"6283122390511:76@s.whatsapp.net","name":"ShanBot","jid":"6283122390511@s.whatsapp.net"},"signalIdentities":[{"identifier":{"name":"6283122390511:76@s.whatsapp.net","deviceId":0},"identifierKey":{"type":"Buffer","data":"BdFbClxnV8pivawe6bbjSi2VyNwAtDVbWnI3LvzHjAIi"}}],"platform":"android","lastAccountSyncTimestamp":1689401171,"myAppStateKeyId":"AAAAAKYH"}